CaS = Richard Frith-Macdonald <rfm@gnu.org>
Fabien_ = Fabien Vallon <fabien@sonappart.net>
fabien_ = Fabien Vallon <fabien@sonappart.net>
FredKiefer = Fred Kiefer <fredkiefer@gmx.de>
GuruWannabe = Larry Coleman <larryliberty@yahoo.com>
Kazu = Kazunobu Kuriyama <kazunobu.kuriyama@nifty.com>
amunjal = Aarti Munjal <aarti.munjal@testplant.com>
aaboelela = Amir Aboelela <amraboelela@gmail.com>
adamfoxtp = Adam Fox <adam.fox@testplant.com>
aeruder = Andrew Ruder <aeruder@ksu.edu>
alexm = Alexander Malmberg <alexander@malmberg.org>
aperez = Alex Perez <aperez@alexperez.com>
arobert = Adrian Robert <arobert@cogsci.ucsd.edu>
ayers = David Ayers <ayers@fsfe.org>
benhur = Benhur Stein <benhur.stein@gmail.com>
blaken = Blake Nicholson <blaken@umich.edu>
buzzdee = Sebastian Reitenbach <sebastia@l00-bugdead-prods.de>
carmstrong = Christopher Armstrong <carmstrong@fastmail.com.au>
cball = Chris Ball <cball@fmco.com>
cehardin = Chad Hardin <cehardin@mac.com>
cigas = John Cigas <cigas@acm.org>
dlazaro = David Lazaro Saz <dlazaro@acm.org>
dpsimons = Doug Simons <doug.simons@testplant.com>
dwetzel = Dave Wetzel <dave@turbocat.de>
enrico = Enrico Sersale <enrico@fibernet.ro>
ericb = Eric Brayet <ericb@daysofwonder.com>
ericwa = Eric Wasylishen <ewasylishen@gmail.com>
esersale = Eric Sersale <enrico@fibernet.ro>
espectador = Germán Arias <germanandre@gmx.es>
far = Felipe A. Rodriguez <farz@mindspring.com>
fedor = Adam Fedor <fedor@gnu.org>
filipzelic = Filip Zelic <zelic.filip@gmail.com>
franklegrand =  Frank Le Grand <frank.legrand@testplant.com>
fredkiefer = Fred Kiefer <fredkiefer@gmx.de>
gcasa = Gregory John Casamento <greg.casamento@gmail.com>
gnu = GNUstep Maintainer <gnustep-maintainer@gnu.org>
gnustep = GNUstep Maintainer <gnustep-maintainer@gnu.org>
gvandyk = gvandyk <gvandyk@icon.co.za>
hansfbaier = Hans Baier <hansfbaier@googlemail.com>
hns = H. Nikolaus Schaller <hns@computer.org>
humasect = Lyndon Tremblay <humasect@home.com>
iamleeg = Graham J Lee <leeg@thaesofereode.info>
icicle = Thomas Gamper <icicle@cg.tuwien.ac.at>
ipaqah = Isaiah Beerbower <public@ipaqah.com>
ivucica = Ivan Vučica <ivan@vucica.net>
jagapen = Jonathan Gapen <jagapen@whitewater.chem.wisc.edu>
jbettis = Jeremy Bettis <jeremy@deadbeef.com>
jdess = James Dessart <skwirl@cam.org>
jonathanosx = Jonathan Gillaspie <jonathan.gillaspie@testplant.com>
loic = Loic Dachary <loic@senga.org>
karl = Karl Berry <karl@gnu.org>
ljulliar = Laurent Julliard <laurent@moldus.org>
lubosd = Luboš Doležel <lubos@dolezel.info>
ludovic = Ludovic Marcotte <ludovic@Sophos.ca>
masata-y = Masatake Yamato <yamato@redhat.com>
mccallum = Andrew McCallum <mccallum@gnu.org>
mguesdon = Manuel Guesdon <mguesdon.gna@orange-concept.com>
michael = Michael Silva <mike.silva@savant.com>
mirko = Mirko Viviani <mirko.viviani@gmail.com>
mlytwyn = Marcian Lytwyn <gna@advcsi.com>
netc = Scott Christley <schristley@mac.com>
netcrep = Scott Christley <schristley@mac.com>
nico = Nicola Pero <n.pero@mi.flashnet.it>
nicola = Nicola Pero <nicola.pero@meta-innovation.com>
ovidiu = Ovidiu Predescu <ovidiu@gmail.com>
paullanders = Paul Landers <paul.landers@testplant.com>
pjb = Pascal J. Bourguignon  <pjb@imaginet.fr>
portnoy = Stephen Peters <portnoy@portnoy.org>
probert = Philippe C.D. Robert <probert@siggraph.org>
pyr = Pierre-Yves Rivaille <pyrivail@ens-lyon.fr>
qmathe = Quentin Mathe <qmathe@club-internet.fr>
ratmice = Matt Rice <ratmice@gmail.com>
rfm = Richard Frith-MacDonald <rfm@gnu.org>
richard = Richard Frith-MacDonald <rfm@gnu.org>
rio = Nicolas Roard <nicolas@roard.com>
rmottola = Riccardo Mottola <rm@gnu.org>
robert = Robert Slover <rjslover@me.com>
root = root <root>
schnorr = schnorr <schnorr@gmail.com>
scottc = Scott Christley <schristley@mac.com>
sheldon = Sheldon Gill <sheldon@westnet.net.au>
slef = MJ Ray <mjr@phonecoop.coop>
stefanbidi = Stefan Bidigaray <stefanbidi@gmail.com>
stefanu = Stefan Urbanek <stefan@agentfarms.net>
stoyan = Sergii Stoian <stoyan255@gmail.com>
thebeing = Niels Grewe <thebeing+gna@halbordnung.de>
theraven = David Chisnall <github@theravensnest.org>
thoran = Thoran Pas <thoran@free.fr>
tracy454 = Mark Tracy <tracy454@concentric.net>
tremblay2 = Lyndon Tremblay <humasect@home.com>
uid65706 = Adam Fedor <fedor@gnu.org>
uid65715 = Gregory John Casamento <greg.casamento@gmail.com>
uid65718 = Nicola Pero <n.pero@mi.flashnet.it>
uid65745 = Fred Kiefer <fredkiefer@gmx.de>
uid66623 = Dave Wetzel <dave@turbocat.de>
uid66829 = Alexander Malmberg <alexander@malmberg.org>
uid68616 = Enrico Sersale <enrico@fibernet.ro>
wim = Wim (Willem Rein) Oudshoorn <woudshoo@xs4all.nl>
win32 = Scott Christley <schristley@mac.com>
wlux = Wolfgang Lux <wolfgang.lux@gmail.com>
xgl = Xavier Glattard <xavier.glattard@online.fr>
znek = Marcus Müller <znek@mulle-kybernetik.com>
